"Row.names"	"baseMean"	"log2FoldChange"	"lfcSE"	"stat"	"pvalue"	"padj"	"gene_ddv6"	"Preferred_name"	"Description"
"h1SMcG0000013"	13.4885392233761	-0.949187183306873	0.461677211039264	-2.05595416150213	0.0397869347541244	0.99995322716596	"dd_Smed_v6_4708_0_1"	"HIVEP3"	"skeletal muscle cell differentiation"
"h1SMcG0000075"	3.08461635566205	-4.07120040437621	1.34723282048308	-3.0218981771216	0.00251195029108568	0.99995322716596	"dd_Smed_v6_8392_0_2"	"TPH2"	"tryptophan hydroxylase 2"
"h1SMcG0000423"	22.9110541078979	0.870895202909902	0.37603673871119	2.31598435273842	0.0205591230489267	0.99995322716596	"dd_Smed_v6_14596_0_1"	"PDZRN4"	"neuromuscular junction development"
"h1SMcG0000726"	10.8551258719847	-1.10366870242971	0.540096718335704	-2.04346492944937	0.0410064356580724	0.99995322716596	"dd_Smed_v6_15844_0_1"	"CCDC33"	"coiled-coil domain-containing protein"
"h1SMcG0000893"	19.8315493023371	-0.981234705572425	0.419984664578697	-2.33635841574535	0.0194725693379946	0.99995322716596	"dd_Smed_v6_23416_0_1"	"-"	"Leucine Rich repeat"
"h1SMcG0000925"	4.46793979030443	-2.14595221413142	0.865199159597396	-2.48029854204898	0.0131272420766451	0.99995322716596	"dd_Smed_v6_5000_0_1"	"EMC7"	"ER membrane protein complex subunit 7"
"h1SMcG0001033"	3.74941048710821	-2.80413219897468	1.09462517829806	-2.56172821032181	0.01041527896008	0.99995322716596	"dd_Smed_v6_5999_0_1"	"-"	"metallocarboxypeptidase activity"
"h1SMcG0001251"	3.18162381660401	2.32696348500585	1.15111985239677	2.02147802434372	0.0432303049693614	0.99995322716596	"dd_Smed_v6_12984_0_2"	"TRMU"	"mitochondrial tRNA thio-modification"
"h1SMcG0001947"	3.27181909191299	-2.51121488159247	1.11571061448088	-2.25077618604614	0.0243997165648167	0.99995322716596	"dd_Smed_v6_25996_0_1"	"LGSN"	"lengsin, lens protein with glutamine synthetase domain"
"h1SMcG0002011"	4.95691558627937	-1.78925721964101	0.798103708815163	-2.24188560944953	0.0249687663389564	0.99995322716596	"dd_Smed_v6_12811_0_1"	"-"	"Ectodermal ciliogenesis protein"
"h1SMcG0002525"	68.846789272696	0.451317581772164	0.216087755955814	2.08858470382029	0.0367451232890032	0.99995322716596	"dd_Smed_v6_3720_0_1"	"EIF4G3"	"RNA cap binding"
"h1SMcG0002550"	17.5173462347726	-0.899449935266398	0.433165250305037	-2.07645912185477	0.0378515080898998	0.99995322716596	"dd_Smed_v6_20712_0_1"	"DAXX"	"death domain-associated protein"
"h1SMcG0002647"	7.89225558980016	-1.22824215602311	0.605009543087686	-2.03012030149928	0.0423443123953138	0.99995322716596	"-"	"CCDC108"	"coiled-coil domain-containing protein 108"
"h1SMcG0003675"	34.0080494646277	-1.11654965150118	0.336081449324136	-3.32225909447421	0.000892917387844392	0.99995322716596	"dd_Smed_v6_15626_0_1"	"PKD2"	"metanephric cortical collecting duct development"
"h1SMcG0003677"	96.7331398042207	-0.51942843519176	0.202429551183192	-2.56597138192384	0.0102887316504027	0.99995322716596	"dd_Smed_v6_13327_0_1"	"PKD2"	"metanephric cortical collecting duct development"
"h1SMcG0004268"	13.3747079754497	0.898250113307284	0.458173958642954	1.96050014707901	0.049937360807222	0.99995322716596	"dd_Smed_v6_10221_0_1"	"-"	"-"
"h1SMcG0004780"	25.1343572236985	-0.799802921318224	0.360991825495893	-2.21557072717516	0.0267209155024687	0.99995322716596	"dd_Smed_v6_10858_0_1"	"-"	"ubiE/COQ5 methyltransferase family"
"h1SMcG0004828"	41.3666887626536	0.808246243582896	0.274697693466495	2.94231172232787	0.003257718162776	0.99995322716596	"dd_Smed_v6_4267_0_9"	"-"	"extracellularly glutamate-gated ion channel activity"
"h1SMcG0004902"	36.8184829324732	-0.594919204193737	0.287307887241296	-2.07066784662996	0.0383898469908597	0.99995322716596	"dd_Smed_v6_24759_0_1"	"gar-1"	"G-protein coupled acetylcholine receptor activity"
"h1SMcG0005316"	4.85331206638644	1.61081320357394	0.764307755125099	2.10754528234544	0.0350703408741533	0.99995322716596	"dd_Smed_v6_6615_0_1"	"-"	"-"
"h1SMcG0005325"	4.79323305421824	2.24270716646594	0.834356806211676	2.68794735030539	0.00718927311766573	0.99995322716596	"dd_Smed_v6_27_0_1"	"-"	"-"
"h1SMcG0005736"	28.4879699964767	0.857586730128962	0.342810451157628	2.50163531255538	0.0123621192052666	0.99995322716596	"dd_Smed_v6_4123_0_1"	"IRS2"	"Insulin receptor substrate"
"h1SMcG0006522"	11.4365128122966	1.01222791377848	0.498045718380401	2.03239958988133	0.0421132195862579	0.99995322716596	"dd_Smed_v6_4426_0_1"	"INTS3"	"Integrator complex subunit 3"
"h1SMcG0006836"	49.1311078833978	-0.575473107252426	0.267849538142399	-2.14849393149404	0.0316745379639974	0.99995322716596	"dd_Smed_v6_2492_0_1"	"TMPRSS6"	"Belongs to the peptidase S1 family"
"h1SMcG0008628"	20.490538545368	-0.92453309976044	0.39926247339138	-2.31560229517028	0.0205799934223437	0.99995322716596	"dd_Smed_v6_5708_0_2"	"-"	"Belongs to the TRAFAC class dynamin-like GTPase superfamily. Dynamin Fzo YdjA family"
"h1SMcG0008642"	6.60232773925132	1.3394313567372	0.655360754227214	2.04380770147982	0.0409725480447165	0.99995322716596	"dd_Smed_v6_18036_0_1"	"-"	"-"
"h1SMcG0009393"	15.6871641378108	-0.973949138587943	0.448489114924511	-2.17162269089156	0.0298841340635687	0.99995322716596	"-"	"-"	"Deoxynucleoside triphosphate triphosphohydrolase SAMHD1-like"
"h1SMcG0009517"	38.7014957746741	0.748484644254537	0.29427968660617	2.54344651812893	0.0109764859149671	0.99995322716596	"dd_Smed_v6_5645_0_1"	"SH3GLB1"	"SH3-domain GRB2-like endophilin"
"h1SMcG0010627"	6.1186694669241	1.34186056979038	0.663314942209617	2.0229614688317	0.043077120236364	0.99995322716596	"dd_Smed_v6_4242_0_1"	"-"	"Serine threonine-protein kinase"
"h1SMcG0010724"	4.16575685115697	1.73175175384035	0.846874335187559	2.04487452492797	0.0408672300518977	0.99995322716596	"dd_Smed_v6_7184_0_1"	"B4GALT3"	"UDP-Gal betaGlcNAc beta 1,4- galactosyltransferase, polypeptide"
"h1SMcG0011347"	49.2123013265413	0.563025290306352	0.263521578621793	2.13654340282474	0.0326351471856563	0.99995322716596	"dd_Smed_v6_2566_0_1"	"-"	"Trypsin-like serine protease"
"h1SMcG0011383"	53.9981627079914	-1.24623605748458	0.494762057138181	-2.51885939817839	0.0117735660216693	0.99995322716596	"dd_Smed_v6_238_1_1"	"FCGBP"	"binding of sperm to zona pellucida"
"h1SMcG0011389"	40.000562442977	0.718240568908679	0.321371838140855	2.23492068584391	0.02542255625257	0.99995322716596	"dd_Smed_v6_91_0_1"	"FCGBP"	"binding of sperm to zona pellucida"
"h1SMcG0012507"	7.7446748235445	1.29720979566119	0.606216833402032	2.13984456416588	0.0323673303974044	0.99995322716596	"dd_Smed_v6_6641_0_1"	"METTL14"	"mRNA (2'-O-methyladenosine-N6-)-methyltransferase activity"
"h1SMcG0014554"	7.94206734938223	-1.14951928731634	0.586338690473358	-1.9605038964567	0.0499369230039258	0.99995322716596	"dd_Smed_v6_39713_0_1"	"-"	"Ankyrin repeat"
"h1SMcG0015895"	8.49516466504999	-1.14792356008168	0.570486768575781	-2.01218261897199	0.0442006899975982	0.99995322716596	"dd_Smed_v6_20769_0_1"	"-"	"-"
"h1SMcG0016441"	4.66994503638093	-1.7908062207463	0.830278477767059	-2.15687419185244	0.031015468321113	0.99995322716596	"dd_Smed_v6_8647_0_1"	"KRI1"	"KRI1-like family"
"h1SMcG0016600"	14.0435605249232	0.956998122950736	0.452384767332867	2.11545169523043	0.0343914677942934	0.99995322716596	"dd_Smed_v6_2727_0_1"	"-"	"-"
"h1SMcG0016648"	12.1806232335664	-1.05906817591723	0.505430262691793	-2.09537943034297	0.0361372765739056	0.99995322716596	"dd_Smed_v6_9328_0_1"	"CCDC176"	"motile cilium assembly"
"h1SMcG0018055"	62.3707003221524	-0.49041827964801	0.228976295350281	-2.14178624428255	0.0322106868493531	0.99995322716596	"dd_Smed_v6_4176_0_1"	"-"	"ATP-dependent microtubule motor activity, minus-end-directed"
"h1SMcG0018397"	3.3863625842069	-2.11519191157047	1.01493044652712	-2.08407573032045	0.0371532792674451	0.99995322716596	"dd_Smed_v6_11371_0_1"	"-"	"Domain of unknown function (DUF4200)"
"h1SMcG0022343"	4.3447605947341	1.70072975627324	0.843387114977123	2.01654699967686	0.0437428087515833	0.99995322716596	"dd_Smed_v6_8499_0_2"	"UBAC1"	"protein modification by small protein conjugation"
"h1SMcG0022421"	1.66867600855558	-4.10900382392647	1.9217259346638	-2.13818409264759	0.032501804925338	0.99995322716596	"dd_Smed_v6_18817_0_1"	"-"	"-"
"h1SMcG0022512"	10.6484164419062	-1.07091734803285	0.544938316337643	-1.96520838400601	0.0493901239938751	0.99995322716596	"-"	"-"	"-"
"h1SMnG0009744"	1225.5692817851	0.404276762421703	0.140075512136081	2.88613445888354	0.00390005499009191	0.99995322716596	"-"	"-"	"-"
"h1SMnG0013576"	9.64360087293779	1.15258607970353	0.564629825540671	2.04131278151992	0.0412197474271785	0.99995322716596	"-"	"-"	"-"
"h1SMnG0022863"	8.34786051521199	2.52801765228775	0.701595837663617	3.6032392391413	0.000314276017984621	0.99995322716596	"-"	"-"	"-"
"h1SMnG0024532"	53.2642169781907	0.528679499476027	0.26488933515009	1.99585045270497	0.0459502032079028	0.99995322716596	"-"	"-"	"-"
"h1SMnG0026663"	50.0265403791832	0.72314612614874	0.272759996462128	2.65121768414874	0.00802021314870687	0.99995322716596	"-"	"-"	"-"
"h1SMnG0026885"	6.58804048513801	-1.44495663375966	0.694047496731957	-2.08192759222314	0.0373490840339555	0.99995322716596	"-"	"-"	"-"
"h1SMnG0027695"	11.9315737631388	-1.07263854074529	0.512212403765841	-2.09412839841272	0.036248543930289	0.99995322716596	"-"	"-"	"-"
